[{"characters":["Player","DeXP"],"connections":[{"from":"START","from_port":0,"to":"6613849","to_port":0},{"from":"6613849","from_port":0,"to":"8253270","to_port":0},{"from":"8253270","from_port":0,"to":"9900232","to_port":0},{"from":"9900232","from_port":0,"to":"1267504","to_port":0},{"from":"1267504","from_port":0,"to":"3289257","to_port":0},{"from":"3289257","from_port":0,"to":"3848101","to_port":0},{"from":"3289257","from_port":1,"to":"7195634","to_port":0},{"from":"9435787","from_port":0,"to":"9900232","to_port":0},{"from":"9900232","from_port":1,"to":"8022472","to_port":0},{"from":"8022472","from_port":0,"to":"7113403","to_port":0},{"from":"7113403","from_port":0,"to":"2444046","to_port":0},{"from":"3289257","from_port":2,"to":"7744614","to_port":0},{"from":"2444046","from_port":0,"to":"5337379","to_port":0},{"from":"7113403","from_port":1,"to":"9628654","to_port":0},{"from":"3848101","from_port":0,"to":"1790898","to_port":0},{"from":"7195634","from_port":0,"to":"1790898","to_port":0},{"from":"7744614","from_port":0,"to":"1790898","to_port":0},{"from":"1790898","from_port":0,"to":"9435787","to_port":0},{"from":"1790898","from_port":1,"to":"2564915","to_port":0},{"from":"2564915","from_port":0,"to":"9435787","to_port":0}],"editor_version":"3.0.6","file_name":"Loops","languages":["ENG"],"nodes":[{"filename":"res://Nodes/Start.tscn","next":"6613849","node_name":"START","node_type":"start","offset":[0,0],"title":"Start"},{"filename":"res://Nodes/Execute.tscn","next":"8253270","node_name":"6613849","node_type":"execute","offset":[191,-50.5],"text":"show DeXP oho with dissolve","title":"Execute"},{"character":["DeXP",1],"expand":null,"expand_size":[0,0],"filename":"res://Nodes/Show Message.tscn","is_box":false,"next":"9900232","node_name":"8253270","node_type":"show_message","object_path":"","offset":[531,-132.5],"slide_camera":true,"speaker_type":0,"text":{"ENG":"Do you want to hear about loops? Wow!"},"title":"Show Message"},{"filename":"res://Nodes/Repeat.tscn","next":"1267504","next_done":"8022472","node_name":"9900232","node_type":"repeat","offset":[1020.203125,-52.5],"title":"Repeat","value":2},{"character":["DeXP",1],"expand":null,"expand_size":[0,0],"filename":"res://Nodes/Show Message.tscn","is_box":false,"next":"3289257","node_name":"1267504","node_type":"show_message","object_path":"","offset":[1286.203125,-383.5],"slide_camera":true,"speaker_type":0,"text":{"ENG":"You will read this message 2 times. With random pose change each time"},"title":"Show Message"},{"filename":"res://Nodes/Execute.tscn","next":"1790898","node_name":"3848101","node_type":"execute","offset":[2018.203125,-404.75],"text":"show DeXP norm with dissolve","title":"Execute"},{"filename":"res://Nodes/Execute.tscn","next":"1790898","node_name":"7195634","node_type":"execute","offset":[2017.203125,-283.75],"text":"show DeXP ha with dissolve","title":"Execute"},{"filename":"res://Nodes/Execute.tscn","next":"1790898","node_name":"7744614","node_type":"execute","offset":[2018.203125,-164.75],"text":"show DeXP oho with dissolve","title":"Execute"},{"branches":{"1":"3848101","2":"7195634","3":"7744614","4":null,"5":null,"6":null,"7":null,"8":null,"9":null,"10":null},"filename":"res://Nodes/Random Branch.tscn","node_name":"3289257","node_type":"random_branch","offset":[1743.203125,-451.75],"possibilities":3,"title":"Random Branch"},{"character":["DeXP",1],"expand":null,"expand_size":[0,0],"filename":"res://Nodes/Show Message.tscn","is_box":false,"next":"7113403","node_name":"8022472","node_type":"show_message","object_path":"","offset":[1269.203125,54.25],"slide_camera":true,"speaker_type":0,"text":{"ENG":"That's basically it. You seen repeat loop and random branch "},"title":"Show Message"},{"branches":{"1":"2444046","2":"9628654"},"chance_1":33,"chance_2":67,"filename":"res://Nodes/Chance Branch.tscn","node_name":"7113403","node_type":"chance_branch","offset":[1771.203125,132.25],"title":"Chance Branch"},{"filename":"res://Nodes/Execute.tscn","next":"5337379","node_name":"2444046","node_type":"execute","offset":[2086.203125,66.25],"text":"show DeXP ha with dissolve","title":"Execute"},{"character":["DeXP",1],"expand":null,"expand_size":[0,0],"filename":"res://Nodes/Show Message.tscn","is_box":false,"next":null,"node_name":"5337379","node_type":"show_message","object_path":"","offset":[2412.203125,62.25],"slide_camera":true,"speaker_type":0,"text":{"ENG":"Also you lucky enough to see rare chance text!"},"title":"Show Message"},{"character":["DeXP",1],"expand":null,"expand_size":[0,0],"filename":"res://Nodes/Show Message.tscn","is_box":false,"next":null,"node_name":"9628654","node_type":"show_message","object_path":"","offset":[2083.203125,363.25],"slide_camera":true,"speaker_type":0,"text":{"ENG":"See you on other tutorials"},"title":"Show Message"},{"branches":{"1":"9435787","2":"2564915"},"chance_1":70,"chance_2":30,"filename":"res://Nodes/Chance Branch.tscn","node_name":"1790898","node_type":"chance_branch","offset":[2407.203125,-535.75],"title":"Chance Branch"},{"character":["DeXP",1],"expand":null,"expand_size":[0,0],"filename":"res://Nodes/Show Message.tscn","is_box":false,"next":"9435787","node_name":"2564915","node_type":"show_message","object_path":"","offset":[2471.203125,-308.75],"slide_camera":true,"speaker_type":0,"text":{"ENG":"Rare message"},"title":"Show Message"},{"character":["DeXP",1],"expand":null,"expand_size":[0,0],"filename":"res://Nodes/Show Message.tscn","is_box":false,"next":"9900232","node_name":"9435787","node_type":"show_message","object_path":"","offset":[3048.203125,-249.75],"slide_camera":true,"speaker_type":0,"text":{"ENG":"Pose changed"},"title":"Show Message"}],"selected_language":"ENG","variables":{}}]
