[{"characters":["Player","DeXP"],"connections":[{"from":"4024024","from_port":0,"to":"5211844","to_port":0},{"from":"5211844","from_port":0,"to":"393571","to_port":0},{"from":"393571","from_port":0,"to":"3805845","to_port":0},{"from":"9975669","from_port":0,"to":"7288580","to_port":0},{"from":"7288580","from_port":0,"to":"9975669","to_port":0},{"from":"9234486","from_port":0,"to":"9978557","to_port":0},{"from":"9978557","from_port":0,"to":"6133129","to_port":0},{"from":"6133129","from_port":0,"to":"6538012","to_port":0},{"from":"6538012","from_port":0,"to":"7706642","to_port":0},{"from":"9975669","from_port":1,"to":"4002301","to_port":0},{"from":"4002301","from_port":0,"to":"9975669","to_port":0},{"from":"START","from_port":0,"to":"4024024","to_port":0},{"from":"9975669","from_port":3,"to":"9234486","to_port":0},{"from":"9975669","from_port":2,"to":"1530356","to_port":0},{"from":"1530356","from_port":0,"to":"9975669","to_port":0},{"from":"3805845","from_port":0,"to":"4114816","to_port":0},{"from":"4114816","from_port":0,"to":"9975669","to_port":0}],"editor_version":"3.0.6","file_name":"Main","languages":["ENG"],"nodes":[{"filename":"res://Nodes/Execute.tscn","next":"5211844","node_name":"4024024","node_type":"execute","offset":[-787,-90.5],"text":"scene bg green","title":"Execute"},{"character":["Player",0],"expand":null,"expand_size":[0,0],"filename":"res://Nodes/Show Message.tscn","is_box":false,"next":"3805845","node_name":"393571","node_type":"show_message","object_path":"","offset":[-86,-172.5],"slide_camera":true,"speaker_type":0,"text":{"ENG":"Hi! My name is DeXPeriX"},"title":"Show Message"},{"character":["DeXP",1],"expand":null,"expand_size":[0,0],"filename":"res://Nodes/Show Message.tscn","is_box":false,"next":"4114816","node_name":"3805845","node_type":"show_message","object_path":"","offset":[399,-172.5],"slide_camera":true,"speaker_type":0,"text":{"ENG":"I want to show you some basics"},"title":"Show Message"},{"character":["DeXP",1],"expand":null,"expand_size":[0,0],"filename":"res://Nodes/Show Message.tscn","is_box":false,"next":"9978557","node_name":"9234486","node_type":"show_message","object_path":"","offset":[2332,306.25],"slide_camera":true,"speaker_type":0,"text":{"ENG":"I hope the tutorial was helpful to you"},"title":"Show Message"},{"filename":"res://Nodes/Execute.tscn","next":"6133129","node_name":"9978557","node_type":"execute","offset":[2756,388.25],"text":"show DeXP ha with dissolve","title":"Execute"},{"filename":"res://Nodes/Execute.tscn","next":"9975669","node_name":"7288580","node_type":"execute","offset":[2070,-338.75],"text":"call Menu","title":"Execute"},{"character":["DeXP",1],"expand":null,"expand_size":[0,0],"filename":"res://Nodes/Show Message.tscn","is_box":false,"next":"6538012","node_name":"6133129","node_type":"show_message","object_path":"","offset":[3080,306.5],"slide_camera":true,"speaker_type":0,"text":{"ENG":"Let's wait some time together"},"title":"Show Message"},{"filename":"res://Nodes/Wait.tscn","next":"7706642","node_name":"6538012","node_type":"wait","offset":[3531,386.5],"time":2,"title":"Wait"},{"character":["Player",0],"expand":null,"expand_size":[0,0],"filename":"res://Nodes/Show Message.tscn","is_box":false,"next":null,"node_name":"7706642","node_type":"show_message","object_path":"","offset":[3761,306.25],"slide_camera":true,"speaker_type":0,"text":{"ENG":"Good bye!"},"title":"Show Message"},{"filename":"res://Nodes/Execute.tscn","next":"9975669","node_name":"4002301","node_type":"execute","offset":[2079,-164.25],"text":"call Variables","title":"Execute"},{"filename":"res://Nodes/Start.tscn","next":"4024024","node_name":"START","node_type":"start","offset":[-988,-40],"title":"Start"},{"character":["Player",0],"choices":[{"condition":"","is_condition":false,"next":"7288580","text":{"ENG":"Choice menus"}},{"condition":"menuVisited","is_condition":true,"next":"4002301","text":{"ENG":"Variables"}},{"condition":"","is_condition":false,"next":"1530356","text":{"ENG":"Loops and chances"}},{"condition":"","is_condition":false,"next":"9234486","text":{"ENG":"Nothing"}}],"expand":null,"expand_size":[0,0],"filename":"res://Nodes/Show Message.tscn","is_box":false,"node_name":"9975669","node_type":"show_message","object_path":"","offset":[1338,-173],"slide_camera":true,"speaker_type":0,"text":{"ENG":"What topic do you interested in?"},"title":"Show Message"},{"filename":"res://Nodes/Execute.tscn","next":"9975669","node_name":"1530356","node_type":"execute","offset":[2073.822998,49.5],"text":"call Loops","title":"Execute"},{"filename":"res://Nodes/Execute.tscn","next":"393571","node_name":"5211844","node_type":"execute","offset":[-477,-90.5],"text":"show DeXP norm at center with moveinleft","title":"Execute"},{"character":["DeXP",1],"expand":null,"expand_size":[0,0],"filename":"res://Nodes/Show Message.tscn","is_box":false,"next":"9975669","node_name":"4114816","node_type":"show_message","object_path":"","offset":[864.945801,-172.5],"slide_camera":true,"speaker_type":0,"text":{"ENG":"The idea of this tutorial is that you will have alook on both execution and the source code."},"title":"Show Message"}],"selected_language":"ENG","variables":{"menuVisited":{"type":2,"value":false},"money":{"type":1,"value":100}}}]
