[{"characters":["Player","DeXP"],"connections":[{"from":"START","from_port":0,"to":"1856750","to_port":0},{"from":"1856750","from_port":0,"to":"2596255","to_port":0},{"from":"2596255","from_port":0,"to":"1534412","to_port":0},{"from":"1534412","from_port":0,"to":"8018118","to_port":0},{"from":"8018118","from_port":0,"to":"3586012","to_port":0}],"editor_version":"3.0.6","file_name":"Menu","languages":["ENG"],"nodes":[{"filename":"res://Nodes/Start.tscn","next":"1856750","node_name":"START","node_type":"start","offset":[0,0],"title":"Start"},{"filename":"res://Nodes/Execute.tscn","next":"2596255","node_name":"1856750","node_type":"execute","offset":[195,-51.5],"text":"show DeXP ha with dissolve","title":"Execute"},{"character":["DeXP",1],"expand":null,"expand_size":[0,0],"filename":"res://Nodes/Show Message.tscn","is_box":false,"next":"1534412","node_name":"2596255","node_type":"show_message","object_path":"","offset":[542,-134.5],"slide_camera":true,"speaker_type":0,"text":{"ENG":"You just got here through the menu, Aren't you?"},"title":"Show Message"},{"filename":"res://Nodes/Execute.tscn","next":"8018118","node_name":"1534412","node_type":"execute","offset":[992,-52.5],"text":"show DeXP norm with dissolve","title":"Execute"},{"character":["DeXP",1],"expand":null,"expand_size":[0,0],"filename":"res://Nodes/Show Message.tscn","is_box":false,"next":"3586012","node_name":"8018118","node_type":"show_message","object_path":"","offset":[1315,-134.5],"slide_camera":true,"speaker_type":0,"text":{"ENG":"So you can have a look at Main.json to see how is it organized"},"title":"Show Message"},{"filename":"res://Nodes/Set Local Variable.tscn","next":null,"node_name":"3586012","node_type":"set_local_variable","offset":[1801,-85.5],"operation_type":null,"title":"Set Local Variable","toggle":false,"value":true,"var_name":"menuVisited"}],"selected_language":"ENG","variables":{"menuVisited":{"type":2,"value":false}}}]
