[{"characters":["Player","DeXP"],"connections":[{"from":"9879352","from_port":0,"to":"277287","to_port":0},{"from":"277287","from_port":0,"to":"6422708","to_port":0},{"from":"6422708","from_port":0,"to":"1806814","to_port":0},{"from":"1806814","from_port":0,"to":"5856150","to_port":0},{"from":"START","from_port":0,"to":"9748646","to_port":0},{"from":"9748646","from_port":0,"to":"9879352","to_port":0}],"editor_version":"3.0.6","file_name":"NvlMode","languages":["ENG"],"nodes":[{"character":["DeXP",1],"expand":null,"expand_size":[0,0],"filename":"res://Nodes/Show Message.tscn","is_box":true,"next":"277287","node_name":"9879352","node_type":"show_message","object_path":"","offset":[189,-133.5],"slide_camera":true,"speaker_type":0,"text":{"ENG":"Let's put some novel mode! See message type in Dialogue Designer. It is square."},"title":"Show Message"},{"character":["DeXP",1],"expand":null,"expand_size":[0,0],"filename":"res://Nodes/Show Message.tscn","is_box":true,"next":"6422708","node_name":"277287","node_type":"show_message","object_path":"","offset":[648,-133.5],"slide_camera":true,"speaker_type":0,"text":{"ENG":"And more dramatic text..."},"title":"Show Message"},{"character":["Player",0],"expand":null,"expand_size":[0,0],"filename":"res://Nodes/Show Message.tscn","is_box":true,"next":"1806814","node_name":"6422708","node_type":"show_message","object_path":"","offset":[1131,-134],"slide_camera":true,"speaker_type":0,"text":{"ENG":"More!! Arrr!!"},"title":"Show Message"},{"character":["DeXP",1],"expand":null,"expand_size":[0,0],"filename":"res://Nodes/Show Message.tscn","is_box":false,"next":"5856150","node_name":"1806814","node_type":"show_message","object_path":"","offset":[1614,-134],"slide_camera":true,"speaker_type":0,"text":{"ENG":"And normal text"},"title":"Show Message"},{"character":["Player",0],"expand":null,"expand_size":[0,0],"filename":"res://Nodes/Show Message.tscn","is_box":true,"next":null,"node_name":"5856150","node_type":"show_message","object_path":"","offset":[2096,-135],"slide_camera":true,"speaker_type":0,"text":{"ENG":"And last novel"},"title":"Show Message"},{"character":["Player",0],"expand":null,"expand_size":[0,0],"filename":"res://Nodes/Show Message.tscn","is_box":false,"next":"9879352","node_name":"9748646","node_type":"show_message","object_path":"","offset":[-269,-134],"slide_camera":true,"speaker_type":0,"text":{"ENG":"SORRY! Novel mode is not supported..."},"title":"Show Message"},{"filename":"res://Nodes/Start.tscn","next":"9748646","node_name":"START","node_type":"start","offset":[-488,-1],"title":"Start"}],"selected_language":"ENG","variables":{"moreDrama":{"type":2,"value":false},"novelCount":{"type":1,"value":42}}}]
