[{"characters":["Player","DeXP"],"connections":[{"from":"START","from_port":0,"to":"6420215","to_port":0},{"from":"6420215","from_port":0,"to":"3300319","to_port":0}],"editor_version":"3.0.6","file_name":"Variables","languages":["ENG"],"nodes":[{"filename":"res://Nodes/Start.tscn","next":"6420215","node_name":"START","node_type":"start","offset":[0,0],"title":"Start"},{"character":["DeXP",1],"expand":null,"expand_size":[0,0],"filename":"res://Nodes/Show Message.tscn","is_box":false,"next":"3300319","node_name":"6420215","node_type":"show_message","object_path":"","offset":[265,-131.5],"slide_camera":true,"speaker_type":0,"text":{"ENG":"You able to get there only after you watched Menus tutorial"},"title":"Show Message"},{"character":["DeXP",1],"expand":null,"expand_size":[0,0],"filename":"res://Nodes/Show Message.tscn","is_box":false,"next":null,"node_name":"3300319","node_type":"show_message","object_path":"","offset":[756,-131.5],"slide_camera":true,"speaker_type":0,"text":{"ENG":"Variable initialization was in Main.json, and then set in Menus.json"},"title":"Show Message"}],"selected_language":"ENG","variables":{}}]
